{
    "0": 3.467550643836148,
    "1": 1.673839907394722,
    "2": 3.023428840795532,
    "3": 5.4630190471652895,
    "4": 6.9316333492752165,
    "5": 6.872915796469897,
    "6": 6.071477638557553,
    "7": 5.72292830538936,
    "8": 6.022130736382678,
    "9": 6.268199261277914,
    "10": 6.562030755914748,
    "11": 6.065970592899248,
    "12": 5.723686086013913,
    "13": 6.045285144355148,
    "14": 6.280962515389547,
    "15": 6.589117140043527,
    "16": 6.102226312505081,
    "17": 5.748246534727514,
    "18": 6.062231702031568,
    "19": 6.290557271568105,
    "20": 6.596312574110925,
    "21": 6.191420953720808,
    "22": 8.844468529336154,
    "23": 14.325260919053108,
    "24": 20.85495843552053,
    "25": 37.40562922973186,
    "26": 73.40913766622543,
    "27": 91.91434056684375,
    "28": 95.29594894871116,
    "29": 107.03390371799469,
    "30": 118.74858189746737,
    "31": 135.91244345530868,
    "32": 166.37766060233116,
    "33": 199.47867299616337,
    "34": 197.74710945039988,
    "35": 209.9287678822875,
    "36": 241.8997008278966,
    "37": 250.86055990308523,
    "38": 268.92384185642004,
    "39": 302.89376590400934,
    "40": 315.63359655439854,
    "41": 345.93120807409286,
    "42": 374.05107076466084,
    "43": 335.40834598988295,
    "44": 395.9524577707052,
    "45": 408.49163165688515,
    "46": 411.0070834904909,
    "47": 513.3167105764151,
    "48": 494.6493717432022,
    "49": 598.8964052200317,
    "50": 758.2640240192413,
    "51": 668.071350902319,
    "52": 715.3150085806847,
    "53": 683.9410016536713,
    "54": 623.2307934761047,
    "55": 670.0933957546949,
    "56": 693.0013281404972,
    "57": 662.5632062405348,
    "58": 695.1371021270752,
    "59": 722.8415516316891,
    "60": 720.0789911448956,
    "61": 796.2648699879646,
    "62": 774.0899172127247,
    "63": 792.8780350089073,
    "64": 827.1108690500259,
    "65": 846.7500713467598,
    "66": 859.8475997745991,
    "67": 1029.3405553996563,
    "68": 1145.8239037394524,
    "69": 1120.0663414299488,
    "70": 1036.1425867378712,
    "71": 1005.0244804918766,
    "72": 1065.950235158205,
    "73": 1018.8576220870018,
    "74": 840.8509853184223,
    "75": 639.4533003121614,
    "76": 546.8688714951277,
    "77": 530.4811393618584,
    "78": 468.5612372905016,
    "79": 482.7190761715174,
    "80": 461.29428189992905,
    "81": 454.84834794700146,
    "82": 443.65625858306885,
    "83": 431.94284653663635,
    "84": 375.1125967055559,
    "85": 407.8204393386841,
    "86": 343.18380066752434,
    "87": 287.8217384517193,
    "88": 235.45040402561426,
    "89": 171.5062894821167,
    "90": 113.30033039301634,
    "91": 70.36986127123237,
    "92": 53.99959164485335,
    "93": 39.11250571347773,
    "94": 24.518722033128142,
    "95": 12.559840975794941
}