{
    "0": 14.350210502743721,
    "1": 2.032299293205142,
    "2": 0.0,
    "3": 0.0,
    "4": 2.0973809994757175,
    "5": 4.055742686614394,
    "6": 4.4045861810445786,
    "7": 4.16737119667232,
    "8": 4.267213912680745,
    "9": 4.316187277436256,
    "10": 4.41398941911757,
    "11": 4.4005620293319225,
    "12": 4.166217427700758,
    "13": 4.2662763968110085,
    "14": 4.317737929522991,
    "15": 4.41337963566184,
    "16": 4.400705359876156,
    "17": 4.168786481022835,
    "18": 4.268065094947815,
    "19": 4.318781895563006,
    "20": 4.413758078590035,
    "21": 4.424069914966822,
    "22": 4.958302667364478,
    "23": 5.813211528584361,
    "24": 6.533945817500353,
    "25": 8.385499007999897,
    "26": 65.4356136918068,
    "27": 136.29110008478165,
    "28": 177.3687019944191,
    "29": 314.93961811065674,
    "30": 455.24961948394775,
    "31": 465.0814712047577,
    "32": 573.2796907424927,
    "33": 754.9419522285461,
    "34": 821.5476393699646,
    "35": 933.7949752807617,
    "36": 954.9850702285767,
    "37": 865.3307855129242,
    "38": 771.2617993354797,
    "39": 726.611065864563,
    "40": 706.6826283931732,
    "41": 762.2082710266113,
    "42": 781.5625548362732,
    "43": 786.0170602798462,
    "44": 749.2342114448547,
    "45": 691.7378425598145,
    "46": 689.4114017486572,
    "47": 668.9224362373352,
    "48": 692.0344412326813,
    "49": 713.0501925945282,
    "50": 718.3155298233032,
    "51": 752.5672852993011,
    "52": 766.6516721248627,
    "53": 805.143141746521,
    "54": 814.9654984474182,
    "55": 848.7234055995941,
    "56": 811.1172258853912,
    "57": 784.3788743019104,
    "58": 746.070921421051,
    "59": 731.0330092906952,
    "60": 733.2753896713257,
    "61": 686.8502140045166,
    "62": 633.4885776042938,
    "63": 584.8959624767303,
    "64": 556.546139717102,
    "65": 535.8826696872711,
    "66": 531.3907206058502,
    "67": 524.6081650257111,
    "68": 524.218225479126,
    "69": 525.3000676631927,
    "70": 569.8474824428558,
    "71": 566.2862598896027,
    "72": 542.3252284526825,
    "73": 474.52027201652527,
    "74": 411.6540402173996,
    "75": 362.59885132312775,
    "76": 324.44904148578644,
    "77": 281.50041103363037,
    "78": 224.12774562835693,
    "79": 190.58594405651093,
    "80": 159.5311939716339,
    "81": 148.3214110136032,
    "82": 157.61334747076035,
    "83": 175.5822703242302,
    "84": 160.24621725082397,
    "85": 149.15497452020645,
    "86": 145.76096087694168,
    "87": 126.92082971334457,
    "88": 114.14644718170166,
    "89": 98.56414720416069,
    "90": 79.472216963768,
    "91": 53.661611303687096,
    "92": 37.38716393709183,
    "93": 25.434558279812336,
    "94": 20.385096967220306,
    "95": 20.658948831260204
}